{
  "generator": "plecto-loadgen",
  "method": "constant-arrival-rate+schedule-latency",
  "target_rps": 90610,
  "achieved_rps": 90610.000000,
  "reqs": 8154900,
  "failed": 0.00000000,
  "dropped": 0,
  "p50": 2.246000,
  "p95": 17.609000,
  "p99": 29.974000,
  "p99_9": 47.260000
}
