{
  "target_rps": 89924,
  "achieved_rps": 60078.648575910505,
  "reqs": 6913559,
  "failed": 0.004264518462921919,
  "dropped": 1179966,
  "p50": 0.660345,
  "p95": 169.74266339999983,
  "p99": 252.31411023999993,
  "p99_9": 450.5889392140043
}