{
  "target_rps": 60000,
  "achieved_rps": 59301.41111111111,
  "reqs": 5337127,
  "failed": 0,
  "dropped": 86432,
  "p50": 0.129049,
  "p95": 10.370759300000014,
  "p99": 23.87807416000002,
  "p99_9": 35.5840143540004
}