{
  "target_rps": 60000,
  "achieved_rps": 46538.01084119949,
  "reqs": 5361225,
  "failed": 0.0011396649086729245,
  "dropped": 38992,
  "p50": 0.111052,
  "p95": 71.17695239999999,
  "p99": 125.90387595999997,
  "p99_9": 164.47723476000456
}