{
  "target_rps": 92953,
  "achieved_rps": 60781.773589735814,
  "reqs": 7007646,
  "failed": 0.004606967874804178,
  "dropped": 1358221,
  "p50": 0.6320295,
  "p95": 174.4014655,
  "p99": 256.16855565,
  "p99_9": 423.1144723500003
}