{
  "generator": "plecto-loadgen",
  "method": "constant-arrival-rate+schedule-latency",
  "target_rps": 105342,
  "achieved_rps": 105342.000000,
  "reqs": 9480780,
  "failed": 0.00000000,
  "dropped": 0,
  "p50": 2.265000,
  "p95": 19.055000,
  "p99": 32.447000,
  "p99_9": 44.895000
}
