{
  "target_rps": 60000,
  "achieved_rps": 59275.544444444444,
  "reqs": 5334799,
  "failed": 0,
  "dropped": 84104,
  "p50": 0.090827,
  "p95": 8.5065882,
  "p99": 24.733967179999997,
  "p99_9": 39.33820327600017
}