{
  "target_rps": 60000,
  "achieved_rps": 59275.066666666666,
  "reqs": 5334756,
  "failed": 0,
  "dropped": 84962,
  "p50": 0.100401,
  "p95": 8.79208925,
  "p99": 23.49400400000001,
  "p99_9": 37.0322942300011
}