{
  "target_rps": 60000,
  "achieved_rps": 59335.21111111111,
  "reqs": 5340169,
  "failed": 0,
  "dropped": 76032,
  "p50": 0.094835,
  "p95": 9.180325599999998,
  "p99": 24.95424932,
  "p99_9": 40.74375146400127
}