{
  "generator": "plecto-loadgen",
  "method": "constant-arrival-rate+schedule-latency",
  "target_rps": 108240,
  "achieved_rps": 108240.000000,
  "reqs": 9741600,
  "failed": 0.00000000,
  "dropped": 0,
  "p50": 2.502000,
  "p95": 25.443000,
  "p99": 42.277000,
  "p99_9": 60.060000
}
